ModuleName,ARITLSHIFT,ARITLSHIFT_PORT_NUM,ARITLSHIFT_PORT_WIDTH,ARITLSHIFT_VALUE,ARITRSHIFT,ARITRSHIFT_PORT_NUM,ARITRSHIFT_PORT_WIDTH,ARITRSHIFT_VALUE,AlwaysConstructs,AssignLHSPortNum,AssignLHSWidth,AssignRHSPortNum,AssignRHSWidth,AssignStmts,BLOCKINGASSIGN,BlockAssign_Left_PortNum,BlockAssign_Left_Width,BlockAssign_Right_PortNum,BlockAssign_Right_Width,CASECONDITIONNUM,CASECONDITIONWIDTH,CASEITEMCONDITIONNUM,CASEITEMCONDITIOWIDTH,CASEITEMNUM,CONDITIONALELSE,CONDITIONALIF,CONDITIONALIFWIDTH,CONDITIONALTHEN,FORBLOCK,FORTIMES,FUNCTIONCALL,FUNCTIONNUM,INDEXMEMRORY,INOUT,INOUTWIDTH,INPUT,INPUTWIDTH,MIN,ModuleInsts,NonBlockLeftWidth,NonBlockRightWidth,NonBlockingAssign,NonBlockingLeftPortNum,NonBlockingRightPortNum,OUTPUT,OUTPUTWIDTH,PARAMETERNUM,PARAMETERVALUE,PLUS,QUESTIONCOLON,QUESTIONCOLONELSE,QUESTIONCOLONIF,QUESTIONCOLONTHEN,REDAND,REDAOR,REDXOR,REG,REGWIDTH,UnaryOperator,WIRENUM,WIREWIDTH,LUT,FF,IO,BUFG
a429_rx_iface,0,0,0,0,0,0,0,0,2,0,0,0,0,0,0,0,0,0,0,1,2,3,3,4,7,9,25,9,0,0,0,0,0,0,0,7,8,3,0,244,126,30,30,36,2,33,0,0,0,0,0,0,0,7,0,1,6,50,0,5,29,42,93,39,1
a429_tx_iface,0,0,0,0,0,0,0,0,3,3,3,4,5,3,0,0,0,0,0,1,2,3,3,4,9,10,16,10,0,0,0,0,0,0,0,8,46,3,0,228,69,25,25,10,3,3,0,0,1,3,3,3,3,5,0,0,6,55,0,5,50,74,56,47,2
account,0,0,0,0,0,0,0,0,3,3,21,5,20,3,0,0,0,0,0,2,3,0,0,2,15,18,8,18,0,0,0,0,0,0,0,4,5,6,0,118,0,50,52,58,6,24,0,0,10,2,2,2,2,13,0,0,10,28,0,0,0,100,88,29,1
add8,0,0,0,0,0,0,0,0,0,2,9,3,17,1,0,0,0,0,0,0,0,0,0,0,0,0,0,0,0,0,0,0,0,0,0,3,17,0,0,0,0,0,0,0,2,9,0,0,2,0,0,0,0,0,0,0,0,0,0,0,0,8,0,26,0
adder4,0,0,0,0,0,0,0,0,0,2,5,3,9,1,0,0,0,0,0,0,0,0,0,0,0,0,0,0,0,0,0,0,0,0,0,3,9,0,0,0,0,0,0,0,2,5,0,0,2,0,0,0,0,0,0,0,0,0,0,0,0,4,0,14,0
adder8,0,0,0,0,0,0,0,0,2,0,0,0,0,0,4,5,26,3,17,0,0,0,0,0,0,0,0,0,0,0,0,0,0,0,0,4,18,0,0,0,0,0,0,0,2,9,0,0,2,0,0,0,0,0,0,0,5,26,0,0,0,8,26,27,1
add_ahead,0,0,0,0,0,0,0,0,0,33,33,2,2,33,0,0,0,0,0,0,0,0,0,0,0,0,0,0,0,0,0,0,0,0,0,3,17,0,0,0,0,0,0,158,2,9,0,0,0,0,0,0,0,16,16,16,0,0,0,4,32,10,0,26,0
add_bx,0,0,0,0,0,0,0,0,0,2,9,3,17,1,0,0,0,0,0,0,0,0,0,0,0,0,0,0,0,0,0,0,0,0,0,3,17,0,0,0,0,0,0,0,2,9,0,0,2,0,0,0,0,0,0,0,0,0,0,0,0,8,0,26,0
add_tree,0,0,0,0,7,0,0,28,1,7,90,14,166,7,0,0,0,0,0,0,0,0,0,0,0,0,0,0,0,0,8,1,0,0,0,3,17,0,0,92,0,8,8,0,1,16,0,0,7,0,0,0,0,0,0,0,8,92,0,7,90,50,64,33,1
ahb,0,0,0,0,0,0,0,0,2,43,43,24,210,43,18,18,210,15,175,5,5,0,0,6,1,1,1,1,0,0,0,0,0,0,0,22,220,0,0,10,5,10,10,33,32,336,0,0,0,0,0,0,0,45,0,0,8,40,0,65,575,88,4,556,1
ahb_fifo_counter,0,0,0,0,0,0,0,0,2,2,2,1,1,2,0,0,0,0,0,0,0,0,0,0,4,4,4,4,0,0,0,0,0,0,0,4,35,1,0,130,33,6,6,5,1,1,0,0,0,0,0,0,0,2,0,0,2,33,0,6,37,91,33,36,1
ahb_fifo_entry,0,0,0,0,0,0,0,0,1,0,0,0,0,0,0,0,0,0,0,0,0,0,0,0,2,2,2,2,0,0,0,0,0,0,0,4,58,0,0,165,110,3,3,2,1,55,0,0,0,0,0,0,0,0,0,0,1,55,0,4,58,47,45,113,1
alu_control,0,0,0,0,0,0,0,0,2,0,0,0,0,0,12,12,48,2,4,2,6,0,0,12,0,0,0,0,0,0,0,0,0,0,0,2,8,0,0,0,0,0,0,0,1,4,0,0,0,0,0,0,0,0,0,0,1,4,0,0,0,4,0,10,0
AOI,0,0,0,0,0,0,0,0,0,1,1,4,4,1,0,0,0,0,0,0,0,0,0,0,0,0,0,0,0,0,0,0,0,0,0,4,4,0,0,0,0,0,0,0,1,1,0,0,0,0,0,0,0,2,1,0,0,0,1,5,5,1,0,5,0
apb_bridge,0,0,0,0,0,0,0,0,9,21,21,46,542,21,19,19,318,18,266,9,11,5,5,14,22,22,11,22,0,0,0,0,0,0,0,14,324,0,0,346,233,32,32,27,15,109,5,0,0,0,0,0,0,55,0,0,11,139,0,35,346,170,104,433,1
audio_receive,0,0,0,0,0,0,0,0,4,1,1,2,2,1,0,0,0,0,0,0,0,0,0,0,6,8,4,8,0,0,0,0,0,0,0,4,4,2,0,119,34,12,12,3,2,33,1,0,1,0,0,0,0,4,0,1,3,39,0,1,1,41,72,37,1
beep_control,0,0,0,0,0,0,0,0,1,0,0,0,0,0,0,0,0,0,0,0,0,0,0,0,1,2,1,2,0,0,0,0,0,0,0,4,4,0,0,2,1,2,2,2,1,1,0,0,0,0,0,0,0,1,0,0,0,0,0,0,0,2,1,5,1
Beep_Module,0,0,0,0,0,0,0,0,6,1,1,1,1,1,15,15,210,3,18,1,8,0,0,11,5,5,3,5,0,0,0,0,0,0,0,3,10,0,0,66,33,6,6,3,1,1,0,0,1,0,0,0,0,2,0,0,6,66,0,0,0,32,33,11,1
bidir2,0,0,0,0,0,0,0,0,1,1,8,1,8,1,2,2,16,1,8,0,0,0,0,0,1,1,1,1,0,0,0,0,0,0,8,3,2,0,0,0,0,0,0,0,0,0,0,0,1,1,1,1,1,0,0,0,1,8,0,0,0,9,8,10,1
bin2bcd,0,0,0,0,0,0,0,0,1,0,0,0,0,0,2,2,8,0,0,0,0,0,0,0,0,0,0,0,1,-3,0,0,0,0,0,1,4,0,0,0,0,0,0,0,2,8,0,0,0,0,0,0,0,0,0,0,1,1,0,0,0,2,0,12,0
bit_slice,0,0,0,0,0,0,0,0,5,0,0,0,0,0,33,34,112,41,101,3,9,0,0,13,0,0,0,0,1,-1,0,0,0,0,4,11,24,3,0,0,0,0,0,9,7,10,1,4,2,14,14,14,14,4,2,4,26,133,0,4,4,48,4,38,1
block1,0,0,0,0,0,0,0,0,1,0,0,0,0,0,4,4,4,4,4,0,0,0,0,0,0,0,0,0,0,0,0,0,0,0,0,2,2,0,0,0,0,0,0,0,4,4,0,0,0,0,0,0,0,0,0,0,4,4,0,0,0,0,4,6,1
block3,0,0,0,0,0,0,0,0,1,0,0,0,0,0,4,4,4,4,4,0,0,0,0,0,0,0,0,0,0,0,0,0,0,0,0,2,2,0,0,0,0,0,0,0,4,4,0,0,0,0,0,0,0,0,0,0,4,4,0,0,0,0,1,6,1
block4,0,0,0,0,0,0,0,0,1,0,0,0,0,0,0,0,0,0,0,0,0,0,0,0,0,0,0,0,0,0,0,0,0,0,0,2,2,0,0,4,4,4,4,4,4,4,0,0,0,0,0,0,0,0,0,0,4,4,0,0,0,0,4,6,1
bot,0,0,0,0,0,0,0,0,0,1,1,2,2,1,0,0,0,0,0,0,0,0,0,0,0,0,0,0,0,0,0,0,0,0,0,2,2,0,0,0,0,0,0,0,1,1,0,0,0,0,0,0,0,1,0,0,0,0,0,0,0,1,0,3,0
cla_full_adder,0,0,0,0,0,0,0,0,0,3,3,7,7,3,0,0,0,0,0,0,0,0,0,0,0,0,0,0,0,0,0,0,0,0,0,3,3,0,0,0,0,0,0,0,3,3,0,0,0,0,0,0,0,1,0,3,0,0,0,0,0,2,0,6,0
clk_aligner,0,0,0,0,0,0,0,0,9,4,4,5,5,4,57,57,128,56,54,4,10,8,8,30,8,12,32,12,0,0,0,0,0,0,0,25,38,0,2,18,10,8,8,9,6,37,4,0,0,0,0,0,0,8,0,0,12,49,0,31,46,22,11,75,1
clk_div16,0,0,0,0,0,0,0,0,1,0,0,0,0,0,0,0,0,0,0,0,0,0,0,0,2,2,1,2,0,0,0,0,0,0,0,2,2,0,0,12,2,6,6,5,1,1,0,0,1,0,0,0,0,1,0,0,2,4,0,0,0,3,4,3,1
clk_div3,0,0,0,0,0,0,0,0,2,1,1,2,2,1,0,0,0,0,0,0,0,0,0,0,4,4,2,4,0,0,0,0,0,0,0,2,2,0,0,18,4,12,12,10,1,1,0,0,2,0,0,0,0,2,1,0,4,6,0,0,0,6,6,3,1
clk_divider,0,0,0,0,0,0,0,0,19,22,22,26,26,22,35,35,44,18,18,5,7,12,12,14,20,27,29,27,0,0,0,0,0,0,0,2,2,0,0,46,14,30,30,17,16,16,13,0,2,0,0,0,0,10,0,3,22,30,4,24,24,15,22,18,1
clk_test,0,0,0,0,0,0,0,0,1,0,0,0,0,0,0,0,0,0,0,0,0,0,0,0,2,2,0,2,0,0,0,0,0,0,0,2,2,1,0,32,1,5,5,3,1,1,1,0,1,0,0,0,0,2,0,0,1,10,0,0,0,12,11,3,1
clock,0,0,0,0,0,0,0,0,17,8,8,19,21,8,0,0,0,0,0,2,4,2,0,6,26,27,8,27,0,0,0,0,0,0,0,5,5,0,0,258,64,79,90,80,7,28,0,0,16,1,1,1,1,40,8,1,32,99,0,6,6,95,92,33,3
cmp,0,0,0,0,0,0,0,0,2,0,0,0,0,0,0,0,0,0,0,0,0,0,0,0,3,4,3,4,0,0,0,0,0,0,0,4,66,0,0,5,0,5,5,5,1,1,1,32,0,0,0,0,0,1,0,0,2,2,0,0,0,13,2,67,1
compile,0,0,0,0,0,0,0,0,0,1,1,2,2,1,0,0,0,0,0,0,0,0,0,0,0,0,0,0,0,0,0,0,0,0,0,2,2,1,0,0,0,0,0,0,1,1,0,0,0,0,0,0,0,0,0,0,0,0,0,0,0,1,0,3,0
control,0,0,0,0,0,0,0,0,1,0,0,0,0,0,0,0,0,0,0,1,6,0,0,7,0,0,0,0,0,0,0,0,0,0,0,1,6,0,0,25,0,31,38,0,10,11,0,0,0,0,0,0,0,0,0,0,0,0,0,0,0,10,0,17,0
convround,0,0,0,0,0,0,0,0,1,5,25,1,8,5,0,0,0,0,0,0,0,0,0,0,3,4,10,4,0,0,0,0,0,0,0,3,18,0,0,32,32,4,4,4,1,8,3,24,1,0,0,0,0,0,0,0,0,0,0,5,25,8,16,4,0
count,0,0,0,0,0,0,0,0,1,0,0,0,0,0,3,3,24,1,8,0,0,0,0,0,2,2,2,2,0,0,0,0,0,0,0,4,11,0,0,0,0,0,0,0,1,8,0,0,1,0,0,0,0,0,0,0,1,8,0,0,0,9,8,19,1
count4,0,0,0,0,0,0,0,0,1,0,0,0,0,0,0,0,0,0,0,0,0,0,0,0,1,1,1,1,0,0,0,0,0,0,0,2,2,0,0,8,0,2,2,1,1,4,0,0,1,0,0,0,0,0,0,0,1,4,0,0,0,2,4,6,1
count4,0,0,0,0,0,0,0,0,1,0,0,0,0,0,0,0,0,0,0,0,0,0,0,0,1,1,1,1,0,0,0,0,0,0,0,2,2,0,0,8,0,2,2,1,1,4,0,0,1,0,0,0,0,0,0,0,1,4,0,0,0,2,4,6,1
count60,0,0,0,0,0,0,0,0,1,1,1,2,0,1,0,0,0,0,0,0,0,0,0,0,4,5,3,5,0,0,0,0,0,0,0,5,12,0,0,32,8,6,6,8,2,9,0,0,2,1,1,1,1,2,0,0,1,8,0,0,0,11,8,21,1
counter,0,0,0,0,0,0,0,0,1,0,0,0,0,0,2,2,8,0,0,0,0,0,0,0,1,1,1,1,0,0,0,0,0,0,0,2,2,0,0,0,0,0,0,0,1,4,0,0,1,0,0,0,0,0,0,0,1,4,0,0,0,2,4,6,1
count_12_02,0,0,0,0,0,0,0,0,2,0,0,0,0,0,0,0,0,0,0,0,0,0,0,0,4,5,3,5,0,0,0,0,0,0,0,2,2,1,0,148,0,15,15,0,4,28,1,0,2,0,0,0,0,2,0,0,2,24,0,0,0,57,45,30,1
count,0,0,0,0,0,0,0,0,1,1,1,2,0,1,3,3,12,1,4,0,0,0,0,0,2,2,2,2,0,0,0,0,0,0,0,4,7,0,0,0,0,0,0,0,2,5,0,0,1,1,1,1,1,0,0,0,1,4,0,0,0,9,8,19,1
cpu_mod,0,0,0,0,0,0,0,0,0,0,0,0,0,0,0,0,0,0,0,0,0,0,0,0,0,0,0,0,0,0,0,0,0,0,0,4,35,0,0,0,0,0,0,0,3,65,0,0,0,0,0,0,0,0,0,0,0,0,0,2,2,0,0,0,0
crc,0,0,0,0,0,0,0,0,1,16,16,0,0,16,0,0,0,0,0,0,0,0,0,0,3,4,2,4,0,0,0,0,0,0,0,6,13,0,0,96,24,8,8,179,2,24,0,0,0,0,0,0,0,2,0,56,2,24,0,1,16,25,24,37,1
cycle,0,0,0,0,0,0,0,0,1,0,0,0,0,0,3,3,3,3,0,0,0,0,0,0,0,0,0,0,2,7,0,0,0,0,0,2,5,0,0,0,0,0,0,0,1,7,0,0,0,0,0,0,0,0,0,0,6,14,0,0,0,2,7,12,1
cymometer,0,0,0,0,0,0,0,0,8,2,2,2,2,2,0,0,0,0,0,0,0,0,0,0,14,17,12,17,0,0,0,0,0,0,0,3,3,0,0,425,70,32,32,10,1,20,1,0,6,0,0,0,0,7,0,0,12,151,0,2,2,948,147,23,2
decode47,0,0,0,0,0,0,0,0,1,0,0,0,0,0,11,77,77,0,0,4,4,0,0,11,0,0,0,0,0,0,0,0,0,0,0,4,4,0,0,0,0,0,0,0,7,7,0,0,0,0,0,0,0,0,0,0,7,7,0,0,0,4,0,11,0
decode4_7,0,0,0,0,0,0,0,0,1,0,0,0,0,0,11,11,77,0,0,1,4,0,0,11,0,0,0,0,0,0,0,0,0,0,0,1,4,0,0,0,0,0,0,0,1,7,0,0,0,0,0,0,0,0,0,0,1,7,0,0,0,4,0,11,0
decoder1,0,0,0,0,0,0,0,0,1,0,0,0,0,0,11,21,7,0,0,0,0,0,0,0,0,0,0,0,0,0,0,0,0,0,0,2,8,0,0,0,0,0,0,66,1,7,0,0,0,0,0,0,0,14,0,10,3,17,0,0,0,10,7,15,1
decoder2,0,0,0,0,0,0,0,0,2,0,0,0,0,0,6,6,18,6,14,0,0,0,0,0,0,0,0,0,2,-12,0,0,0,0,0,2,8,0,0,0,0,0,0,0,1,7,0,0,0,0,0,0,0,0,0,0,9,27,0,0,0,20,14,15,1
decoder3to8,0,0,0,0,0,0,0,0,1,0,0,0,0,0,9,9,72,0,0,1,3,0,0,8,1,1,1,1,0,0,0,0,0,0,0,2,4,0,0,0,0,0,0,0,1,8,0,0,0,0,0,0,0,0,0,0,1,8,0,0,0,4,0,12,0
decoder_38,0,0,0,0,0,0,0,0,1,0,0,0,0,0,8,8,64,0,0,1,3,0,0,8,0,0,0,0,0,0,0,0,0,0,0,1,3,0,0,0,0,0,0,0,1,8,0,0,0,0,0,0,0,0,0,0,1,8,0,0,0,4,0,11,0
dly_2cycle,0,0,0,0,0,0,0,0,1,0,0,0,0,0,0,0,0,0,0,0,0,0,0,0,0,0,0,0,0,0,0,0,0,0,0,2,33,0,0,64,64,2,2,2,1,32,1,32,0,0,0,0,0,0,0,0,2,64,0,0,0,0,0,0,0
DFF,0,0,0,0,0,0,0,0,1,0,0,0,0,0,0,0,0,0,0,0,0,0,0,0,0,0,0,0,0,0,0,0,0,0,0,2,2,0,0,1,1,1,1,1,1,1,0,0,0,0,0,0,0,0,0,0,1,1,0,0,0,0,1,3,1
DFF1,0,0,0,0,0,0,0,0,1,0,0,0,0,0,0,0,0,0,0,0,0,0,0,0,2,2,2,2,0,0,0,0,0,0,0,4,4,0,0,6,2,6,6,6,2,2,0,0,0,0,0,0,0,0,0,0,2,2,0,0,0,6,6,6,1
DFF2,0,0,0,0,0,0,0,0,1,0,0,0,0,0,0,0,0,0,0,0,0,0,0,0,2,2,2,2,0,0,0,0,0,0,0,4,4,0,0,6,2,6,6,6,2,2,0,0,0,0,0,0,0,0,0,0,2,2,0,0,0,2,2,6,1
dff_3_pipe,0,0,0,0,0,0,0,0,1,0,0,0,0,0,0,0,0,0,0,0,0,0,0,0,1,1,1,1,0,0,0,0,0,0,0,5,26,0,0,48,24,6,6,3,3,24,1,8,0,0,0,0,0,0,0,0,0,0,0,0,0,1,24,50,1
dht11_drive,0,0,0,0,0,0,0,0,5,3,3,3,3,3,0,0,0,0,0,2,4,9,7,10,15,19,11,19,0,0,0,0,0,0,1,3,2,0,0,349,126,53,53,24,1,32,8,1000000,6,0,0,0,0,10,0,0,12,84,0,2,2,102,116,35,2
dht11_key,0,0,0,0,0,0,0,0,2,3,39,0,0,3,0,0,0,0,0,0,0,0,0,0,4,5,9,5,0,0,0,0,0,0,0,5,36,0,0,54,32,12,12,6,4,40,0,0,1,0,0,0,0,2,0,0,3,17,0,0,0,34,18,76,1
dly_24cycle,0,0,0,0,0,0,0,0,1,0,0,0,0,0,0,0,0,0,0,0,0,0,0,0,0,0,0,0,1,22,0,0,0,0,0,2,33,0,0,32,32,2,3,3,1,32,1,32,0,0,0,0,0,0,0,0,3,769,0,0,0,0,768,65,1
dm,0,0,0,0,0,0,0,0,1,1,32,2,71,1,0,0,0,0,0,0,0,0,0,0,0,1,1,1,0,0,0,0,1,0,0,5,42,0,0,7,32,1,2,1,1,32,0,0,0,1,1,1,1,0,0,0,1,4096,0,0,0,80,64,73,1
ds18b20_dri,0,0,0,0,0,0,0,0,7,2,21,1,1,2,19,19,57,19,19,6,22,14,14,36,25,28,15,28,0,0,0,0,0,0,1,3,2,0,0,380,84,85,85,23,2,21,0,0,15,1,1,1,1,13,0,0,18,109,0,1,20,276,108,24,2
D_FlipFlop,0,0,0,0,0,0,0,0,1,0,0,0,0,0,0,0,0,0,0,0,0,0,0,0,1,1,0,1,0,0,0,0,0,0,0,3,3,0,0,4,2,4,4,2,2,2,0,0,0,0,0,0,0,1,0,0,0,0,0,0,0,1,2,5,1
e2prom_rw,0,0,0,0,0,0,0,0,2,1,1,2,2,1,0,0,0,0,0,2,4,0,0,8,9,13,0,13,0,0,0,0,0,0,0,4,11,0,0,240,40,36,36,4,5,27,2,0,10,0,0,0,0,14,0,0,4,18,0,0,0,61,44,38,1
encoder8_3,0,0,0,0,0,0,0,0,1,2,4,1,4,1,9,9,36,0,0,0,0,0,0,0,8,8,8,8,0,0,0,0,0,0,0,8,8,0,0,0,0,0,0,0,2,4,0,0,0,0,0,0,0,0,0,0,1,4,0,0,0,4,0,12,0
equivalence_resolver,0,0,0,0,0,0,0,0,2,7,7,13,45,7,64,64,500,56,375,4,4,4,0,8,4,8,8,8,0,0,0,0,0,0,0,15,121,0,0,39,9,7,7,10,18,111,2,47,1,0,0,0,0,9,1,0,4,20,0,2,2,78,19,232,1
err_gen,0,0,0,0,0,0,0,0,1,2,2,0,0,2,0,0,0,0,0,0,0,0,0,0,2,2,2,2,0,0,0,0,0,0,0,11,81,0,0,3,0,3,3,0,3,35,0,0,0,0,0,0,0,0,0,0,1,1,0,5,37,2,1,38,1
feature_accumulator,0,0,0,0,0,0,0,0,2,8,72,16,148,8,0,0,0,0,0,0,0,0,0,0,5,7,5,7,0,0,0,0,0,0,0,7,44,0,0,168,54,9,9,10,1,38,10,2622,2,8,8,8,8,2,0,0,2,18,0,8,72,130,54,82,1
fht,0,0,0,0,0,0,0,0,4,1,8,0,0,1,8,8,36,4,32,1,2,0,0,4,4,5,4,5,0,0,0,0,0,0,0,3,10,4,0,70,32,11,11,36,1,8,0,0,5,0,0,0,0,1,0,0,12,83,0,4,18,14,30,18,1
fht_bfly,0,0,0,0,0,0,0,0,2,2,18,0,0,2,0,0,0,0,0,0,0,0,0,0,2,4,4,4,0,0,0,4,0,0,0,5,19,0,0,32,16,4,4,4,2,18,1,8,0,0,0,0,0,0,0,0,2,16,0,0,0,20,16,37,1
fht_bfly_noFF,0,0,0,0,0,0,0,0,0,2,18,0,0,2,0,0,0,0,0,0,0,0,0,0,0,0,0,0,0,0,0,4,0,0,0,2,16,0,0,0,0,0,0,0,2,18,1,8,0,0,0,0,0,0,0,0,0,0,0,0,0,19,0,34,0
fifo_rd,0,0,0,0,0,0,0,0,1,0,0,0,0,0,0,0,0,0,0,1,2,0,0,3,3,3,3,3,0,0,0,0,0,0,0,5,12,0,0,36,10,11,11,2,1,1,0,0,1,0,0,0,0,0,0,0,2,10,0,0,0,4,2,5,1
fifo_wr,0,0,0,0,0,0,0,0,1,0,0,0,0,0,0,0,0,0,0,1,2,0,0,3,3,3,3,3,0,0,0,0,0,0,0,4,4,0,0,38,2,12,12,1,2,9,0,0,2,0,0,0,0,0,0,0,1,2,0,0,0,10,10,13,1
fir,0,0,0,0,8,7,56,24,1,0,0,0,0,0,0,0,0,0,0,0,0,0,0,0,0,0,0,0,0,0,0,0,0,0,0,2,9,9,0,168,105,19,19,27,1,16,0,0,19,0,0,0,0,0,0,0,19,168,0,0,0,229,145,25,1
flow_led,0,0,0,0,0,0,0,0,2,0,0,0,0,0,0,0,0,0,0,0,0,0,0,0,4,4,2,4,0,0,0,0,0,0,0,2,2,0,0,84,7,6,6,4,1,4,0,0,1,0,0,0,0,2,0,0,1,24,0,0,0,37,28,6,1
flush_sync,0,0,0,0,0,0,0,0,1,0,0,0,0,0,0,0,0,0,0,0,0,0,0,0,1,1,1,1,0,0,0,0,0,0,0,3,3,0,0,4,2,4,4,2,1,1,0,0,0,0,0,0,0,0,0,0,1,1,0,0,0,1,2,4,1
fre_ctrl,0,0,0,0,0,0,0,0,1,1,1,1,1,1,4,4,4,4,2,0,0,0,0,0,1,1,1,1,0,0,0,0,0,0,0,2,2,0,0,0,0,0,0,1,3,3,0,0,0,0,0,0,0,1,0,0,2,2,0,0,0,2,2,5,1
FSM,0,0,0,0,0,0,0,0,3,0,0,0,0,0,5,5,15,0,0,2,4,8,8,10,4,4,4,4,0,0,0,0,0,0,0,5,5,0,0,20,11,10,10,10,1,3,4,0,0,0,0,0,0,0,0,0,3,7,0,0,0,2,2,8,1
full_add2,0,0,0,0,0,0,0,0,0,2,2,9,9,2,0,0,0,0,0,0,0,0,0,0,0,0,0,0,0,0,0,0,0,0,0,3,3,0,0,0,0,0,0,0,2,2,0,0,0,0,0,0,0,3,2,2,0,0,0,0,0,1,0,5,0
full_add3,0,0,0,0,0,0,0,0,0,2,2,3,3,1,0,0,0,0,0,0,0,0,0,0,0,0,0,0,0,0,0,0,0,0,0,3,3,0,0,0,0,0,0,0,2,2,0,0,2,0,0,0,0,0,0,0,0,0,0,0,0,1,0,5,0
full_add4,0,0,0,0,0,0,0,0,1,0,0,0,0,0,5,5,5,0,0,0,0,0,0,0,0,0,0,0,0,0,0,0,0,0,0,3,3,0,0,0,0,0,0,0,2,2,0,0,0,0,0,0,0,3,2,2,5,5,0,0,0,1,0,5,0
full_add5,0,0,0,0,0,0,0,0,1,1,1,2,2,1,4,4,4,0,0,0,0,0,0,0,0,0,0,0,0,0,0,0,0,0,0,3,3,0,0,0,0,0,0,0,2,2,0,0,0,0,0,0,0,3,2,1,4,4,0,1,1,1,0,5,0
full_adder,0,0,0,0,0,0,0,0,0,2,2,8,8,2,0,0,0,0,0,0,0,0,0,0,0,0,0,0,0,0,0,0,0,0,0,3,3,0,0,0,0,0,0,0,2,2,0,0,0,0,0,0,0,2,2,2,0,0,0,0,0,1,0,5,0
funct,0,0,0,0,0,0,0,0,1,0,0,0,0,0,0,0,0,0,0,0,0,0,0,0,1,1,1,1,0,0,0,1,0,0,0,3,6,0,0,64,0,2,2,1,1,32,0,0,0,0,0,0,0,0,0,0,1,32,0,0,0,0,0,0,0
gng_coef,0,0,0,0,0,0,0,0,2,0,0,0,0,0,249,249,13197,0,0,1,8,0,0,249,0,0,0,0,0,0,0,0,0,0,0,2,9,0,0,53,53,3,3,3,3,53,0,0,0,0,0,0,0,0,0,0,1,53,0,0,0,200,53,62,1
gng_lzd,0,0,0,0,0,0,0,0,0,127,200,188,67,127,0,0,0,0,0,0,0,0,0,0,0,0,0,0,0,0,0,0,0,0,0,1,61,0,0,0,0,0,0,248,1,6,0,0,0,31,31,31,31,0,62,0,0,0,32,12,147,51,0,67,0
gng_smul_16_18,0,0,0,0,0,0,0,0,2,1,34,1,34,1,0,0,0,0,0,0,0,0,0,0,0,0,0,0,0,0,0,0,0,0,0,3,35,0,0,68,34,3,3,2,1,34,0,0,0,0,0,0,0,0,0,0,3,68,0,0,0,0,0,69,1
gpio_apbif,0,0,0,0,0,0,0,0,24,9,9,0,0,9,46,46,680,14,160,1,5,0,0,12,16,30,45,30,0,0,0,0,0,0,0,10,66,0,0,928,608,29,29,28,10,97,0,0,0,0,0,0,0,24,0,0,32,772,0,19,131,49,64,139,1
gpio_ctrl,0,0,0,0,0,0,0,0,14,8,8,2,16,8,11,11,88,3,24,0,0,0,0,0,5,5,5,5,7,56,0,0,0,0,0,13,76,0,0,58,25,9,9,6,8,50,0,0,0,0,0,0,0,1,0,1,22,113,2,21,126,48,33,126,2
gpio_mod,0,0,0,0,0,0,0,0,1,2,64,3,96,2,0,0,0,0,0,0,0,0,0,0,5,6,0,6,0,0,0,0,0,0,0,7,100,0,0,224,96,7,7,6,2,64,0,0,0,0,0,0,0,12,0,0,3,96,0,0,0,69,97,136,1
half_add2,0,0,0,0,0,0,0,0,0,2,2,4,4,2,0,0,0,0,0,0,0,0,0,0,0,0,0,0,0,0,0,0,0,0,0,2,2,0,0,0,0,0,0,0,2,2,0,0,0,0,0,0,0,1,0,1,0,0,0,0,0,1,0,4,0
half_add3,0,0,0,0,0,0,0,0,1,0,0,0,0,0,8,8,8,8,0,2,2,0,0,4,0,0,0,0,0,0,0,0,0,0,0,2,2,0,0,0,0,0,0,0,2,2,0,0,0,0,0,0,0,0,0,0,2,2,0,0,0,1,0,4,0
half_adder,0,0,0,0,0,0,0,0,0,2,2,4,4,2,0,0,0,0,0,0,0,0,0,0,0,0,0,0,0,0,0,0,0,0,0,2,2,0,0,0,0,0,0,0,2,2,0,0,0,0,0,0,0,1,0,1,0,0,0,0,0,1,0,4,0
holes_filler,0,0,0,0,0,0,0,0,1,1,1,1,1,1,0,0,0,0,0,0,0,0,0,0,0,1,1,1,0,0,0,0,0,0,0,4,4,0,0,4,4,4,4,4,2,2,0,0,0,1,1,1,1,0,0,0,3,3,0,0,0,1,4,6,1
i2c_dri,0,0,0,0,1,0,0,0,4,3,11,2,2,3,19,19,152,19,19,9,65,16,16,196,14,15,10,15,0,0,0,0,0,0,1,8,29,1,0,385,51,227,235,91,4,11,3,0,2,1,1,1,1,5,0,0,11,69,0,2,10,90,72,41,2
im,0,0,0,0,0,0,0,0,0,1,32,1,39,1,0,0,0,0,0,0,0,0,0,0,0,0,0,0,0,0,0,0,1,0,0,2,33,0,0,0,0,0,0,0,1,32,2,128,0,0,0,0,0,0,0,0,1,4096,0,0,0,0,0,32,0
ima_adpcm_dec,0,0,0,0,0,0,0,0,5,5,65,0,0,5,0,0,0,0,0,2,10,0,0,98,13,14,15,14,0,0,0,0,0,0,0,7,31,1,0,1591,65,119,119,24,3,18,0,0,6,1,1,1,1,5,0,0,7,64,1,4,64,123,51,49,1
ima_adpcm_enc,0,0,0,0,0,0,0,0,6,3,31,1,7,3,0,0,0,0,0,3,13,0,0,105,14,15,33,15,0,0,0,0,0,0,0,4,19,4,0,1767,45,144,152,22,5,29,0,0,7,0,0,0,0,8,0,0,12,118,0,1,8,220,85,48,1
JK_FF,0,0,0,0,0,0,0,0,1,0,0,0,0,0,0,0,0,0,0,2,2,0,0,5,2,2,2,2,0,0,0,0,0,0,0,5,5,0,0,7,2,7,7,2,1,1,0,0,0,0,0,0,0,0,0,0,1,1,0,0,0,4,3,6,1
johnson,0,0,0,0,1,1,4,1,1,0,0,0,0,0,0,0,0,0,0,0,0,0,0,0,1,1,1,1,0,0,0,0,0,0,0,2,2,0,0,8,0,3,4,2,1,4,0,0,0,0,0,0,0,0,0,0,1,4,0,0,0,1,4,6,1
key_debounce,0,0,0,0,0,0,0,0,2,0,0,0,0,0,0,0,0,0,0,0,0,0,0,0,5,6,2,6,0,0,0,0,0,0,0,3,3,1,0,136,35,12,12,4,2,2,0,0,0,0,0,0,0,4,0,0,2,33,0,0,0,43,35,5,1
key_led,0,0,0,0,0,0,0,0,3,0,0,0,0,0,1,1,4,0,0,3,6,0,0,15,9,9,3,9,0,0,0,0,0,0,0,3,6,0,0,146,2,23,23,10,1,4,0,0,2,0,0,0,0,6,0,0,2,26,0,0,0,44,30,10,1
latch_1,0,0,0,0,0,0,0,0,0,1,1,2,2,1,0,0,0,0,0,0,0,0,0,0,0,0,0,0,0,0,0,0,0,0,0,2,2,0,0,0,0,0,0,0,1,1,0,0,0,1,1,1,1,0,0,0,0,0,0,0,0,0,1,3,1
latch_16,0,0,0,0,0,0,0,0,1,0,0,0,0,0,1,1,16,1,16,0,0,0,0,0,0,0,0,0,0,0,0,0,0,0,0,2,17,0,0,0,0,0,0,0,1,16,0,0,0,0,0,0,0,0,0,0,1,16,0,0,0,0,16,33,1
latch_2,0,0,0,0,0,0,0,0,0,1,1,4,2,1,0,0,0,0,0,0,0,0,0,0,0,0,0,0,0,0,0,0,0,0,0,4,4,0,0,0,0,0,0,0,1,1,0,0,0,3,3,3,3,0,0,0,0,0,0,0,0,1,0,5,0
latch_8,0,0,0,0,0,0,0,0,1,0,0,0,0,0,0,0,0,0,0,0,0,0,0,0,0,1,1,1,0,0,0,0,0,0,0,2,9,0,0,8,8,1,1,1,1,8,0,0,0,0,0,0,0,0,0,0,1,8,0,0,0,0,8,17,1
lcd_display,0,0,0,0,0,0,0,0,1,0,0,0,0,0,0,0,0,0,0,0,0,0,0,0,5,5,1,5,0,0,0,0,0,0,0,4,24,0,0,96,5,6,6,5,1,16,2,0,0,0,0,0,0,12,0,0,0,0,0,0,0,4,3,24,1
lcd_driver,0,0,0,0,0,0,0,0,2,11,46,9,44,11,0,0,0,0,0,0,0,0,0,0,4,5,2,5,0,0,0,0,0,0,0,3,18,7,0,66,0,6,6,0,9,44,10,0,4,5,5,5,5,3,0,0,2,22,0,2,2,68,21,62,1
led_alarm,0,0,0,0,0,0,0,0,1,1,4,1,1,1,0,0,0,0,0,0,0,0,0,0,2,3,1,3,0,0,0,0,0,0,0,3,3,0,0,103,1,7,7,1,1,4,1,0,1,0,0,0,0,2,0,0,2,26,0,0,0,21,26,7,1
led_ctrl,0,0,0,0,0,0,0,0,2,1,1,1,1,1,0,0,0,0,0,0,0,0,0,0,3,5,3,5,0,0,0,0,0,0,0,3,3,1,0,76,2,10,10,3,1,1,0,0,0,0,0,0,0,3,0,0,3,25,0,1,1,35,26,4,1
longframe1,0,0,0,0,0,0,0,0,2,0,0,0,0,0,4,4,18,3,0,0,0,0,0,0,2,2,0,2,0,0,0,0,0,0,0,1,1,1,0,0,0,0,0,0,1,1,1,8,1,0,0,0,0,2,0,0,2,9,0,0,0,9,8,2,1
longframe2,0,0,0,0,0,0,0,0,3,0,0,0,0,0,5,5,19,4,1,0,0,0,0,0,2,2,0,2,0,0,0,0,0,0,0,1,1,1,0,0,0,0,0,0,1,1,1,8,1,0,0,0,0,2,0,0,3,10,0,0,0,9,9,2,1
lookup,0,0,0,0,0,0,0,0,1,0,0,0,0,0,18,18,72,2,4,1,4,0,0,17,0,0,0,0,0,0,0,0,0,0,0,3,5,0,0,0,0,0,0,0,1,4,0,0,0,0,0,0,0,0,0,0,2,8,0,0,0,2,4,9,1
MAC,0,0,0,0,0,0,0,0,1,1,16,1,16,1,0,0,0,0,0,0,0,0,0,0,1,1,1,1,0,0,0,1,0,0,0,4,18,0,0,32,16,2,2,2,1,16,0,0,1,0,0,0,0,0,0,0,1,16,0,1,16,72,16,34,1
mAlu,0,0,0,0,2,2,16,2,3,0,0,0,0,0,18,18,130,10,58,3,10,0,0,13,3,3,16,3,0,0,0,0,0,0,0,7,45,2,0,0,0,0,0,0,2,9,4,8,2,0,0,0,0,2,1,1,4,25,0,0,0,48,0,46,0
mCntrl,0,0,0,0,0,0,0,0,1,0,0,0,0,0,65,208,418,17,17,1,11,11,11,12,5,6,1,6,0,0,0,0,0,0,0,3,8,0,0,0,0,0,0,0,14,17,23,0,0,0,0,0,0,7,0,0,15,28,0,3,8,37,26,25,1
mealy_seq_detect,0,0,0,0,0,0,0,0,2,0,0,0,0,0,12,12,19,12,7,1,2,3,3,4,4,4,1,4,0,0,0,0,0,0,0,3,3,0,0,4,3,2,2,2,1,1,3,0,0,0,0,0,0,3,0,0,2,4,0,0,0,3,2,4,1
mealy_seq_detect_2,0,0,0,0,0,0,0,0,2,0,0,0,0,0,14,14,21,14,7,1,2,3,3,4,4,4,1,4,0,0,0,0,0,0,0,3,3,0,0,4,3,2,2,2,1,1,3,0,0,0,0,0,0,3,0,0,2,4,0,0,0,3,2,4,1
mem_mod,0,0,0,0,0,0,0,0,1,1,32,1,32,1,1,1,7,1,7,0,0,0,0,0,2,4,0,4,0,0,0,0,0,0,0,5,67,0,0,71,39,3,4,4,1,32,0,0,0,0,0,0,0,6,0,0,4,2120,0,0,0,104,33,83,1
mpc,0,0,0,0,0,0,0,0,1,0,0,0,0,0,3,5,35,0,0,0,0,0,0,0,1,1,0,1,0,0,1,1,0,0,0,1,18,1,0,0,0,0,0,0,1,9,0,0,1,0,0,0,0,1,0,0,4,26,0,0,0,8,0,27,0
mRegister,0,0,0,0,0,0,0,0,3,0,0,0,0,0,16,16,16,12,12,3,6,0,0,12,1,2,2,2,0,0,0,0,0,0,0,7,10,0,0,0,0,0,0,0,2,2,1,1,0,0,0,0,0,0,0,0,6,6,0,0,0,6,4,12,1
mult,0,0,0,0,0,0,0,0,0,1,16,0,0,1,0,0,0,0,0,0,0,0,0,0,0,0,0,0,0,0,0,0,0,0,0,2,16,0,0,0,0,0,0,0,1,16,1,8,0,0,0,0,0,0,0,0,0,0,0,0,0,71,0,32,0
MUX21_2,0,0,0,0,0,0,0,0,1,0,0,0,0,0,2,2,2,2,2,0,0,0,0,0,1,1,0,1,0,0,0,0,0,0,0,3,3,0,0,0,0,0,0,0,1,1,0,0,0,0,0,0,0,1,0,0,1,1,0,0,0,1,0,4,0
MUX21_2,0,0,0,0,0,0,0,0,1,0,0,0,0,0,2,2,2,2,2,0,0,0,0,0,1,1,0,1,0,0,0,0,0,0,0,3,3,0,0,0,0,0,0,0,1,1,0,0,0,0,0,0,0,1,0,0,1,1,0,0,0,1,0,4,0
mux2_1a,0,0,0,0,0,0,0,0,0,0,0,0,0,0,0,0,0,0,0,0,0,0,0,0,0,0,0,0,0,0,0,0,0,0,0,3,3,0,0,0,0,0,0,0,1,1,0,0,0,0,0,0,0,0,0,0,0,0,0,0,0,1,0,4,0
mux2_1b,0,0,0,0,0,0,0,0,1,0,0,0,0,0,2,2,2,2,2,0,0,0,0,0,1,1,1,1,0,0,0,0,0,0,0,3,3,0,0,0,0,0,0,0,1,1,0,0,0,0,0,0,0,0,0,0,1,1,0,0,0,1,0,4,0
MUX2_1c,0,0,0,0,0,0,0,0,0,1,1,2,2,1,0,0,0,0,0,0,0,0,0,0,0,0,0,0,0,0,0,0,0,0,0,3,3,0,0,0,0,0,0,0,1,1,0,0,0,1,1,1,1,0,0,0,0,0,0,0,0,1,0,4,0
mux4_1,0,0,0,0,0,0,0,0,1,0,0,0,0,0,5,5,5,4,4,1,2,0,0,5,0,0,0,0,0,0,0,0,0,0,0,5,6,0,0,0,0,0,0,0,1,1,0,0,0,0,0,0,0,0,0,0,1,1,0,0,0,1,0,7,0
mux4_1c,0,0,0,0,0,0,0,0,0,1,1,8,8,1,0,0,0,0,0,0,0,0,0,0,0,0,0,0,0,0,0,0,0,0,0,6,6,0,0,0,0,0,0,4,1,1,0,0,0,0,0,0,0,8,3,0,0,0,0,0,0,1,0,7,0
mux4_1d,0,0,0,0,0,0,0,0,0,1,1,4,4,1,0,0,0,0,0,0,0,0,0,0,0,0,0,0,0,0,0,0,0,0,0,6,6,0,0,0,0,0,0,0,1,1,0,0,0,3,3,3,3,0,0,0,0,0,0,0,0,1,0,7,0
mux_case,0,0,0,0,0,0,0,0,1,0,0,0,0,0,4,4,4,4,4,1,2,0,0,4,0,0,0,0,0,0,0,0,0,0,0,5,6,0,0,0,0,0,0,0,1,1,0,0,0,0,0,0,0,0,0,0,1,1,0,0,0,1,0,7,0
mux_casez,0,0,0,0,0,0,0,0,1,0,0,0,0,0,4,4,4,4,4,1,4,0,0,4,0,0,0,0,0,0,0,0,0,0,0,5,8,0,0,0,0,0,0,0,1,1,0,0,0,0,0,0,0,0,0,0,1,1,0,0,0,3,1,9,0
mux_if,0,0,0,0,0,0,0,0,1,0,0,0,0,0,4,4,4,4,4,0,0,0,0,0,3,3,0,3,0,0,0,0,0,0,0,5,6,0,0,0,0,0,0,0,1,1,0,0,0,0,0,0,0,3,0,0,1,1,0,0,0,1,0,7,0
paobiao,0,0,0,0,0,0,0,0,3,0,0,0,0,0,0,0,0,0,0,0,0,0,0,0,9,10,4,10,0,0,0,0,0,0,0,3,3,0,0,78,0,21,24,12,6,24,0,0,6,0,0,0,0,6,0,0,8,26,0,0,0,22,26,27,1
paral1,0,0,0,0,0,0,0,0,2,0,0,0,0,0,2,2,2,2,2,0,0,0,0,0,0,0,0,0,0,0,0,0,0,0,0,1,1,0,0,0,0,0,0,0,2,2,0,0,0,0,0,0,0,0,0,0,2,2,0,0,0,1,1,3,1
paral2,0,0,0,0,0,0,0,0,2,0,0,0,0,0,2,2,2,2,2,0,0,0,0,0,0,0,0,0,0,0,0,0,0,0,0,1,1,0,0,0,0,0,0,0,2,2,0,0,0,0,0,0,0,0,0,0,2,2,0,0,0,1,1,3,1
parity,0,0,0,0,0,0,0,0,0,2,2,0,0,2,0,0,0,0,0,0,0,0,0,0,0,0,0,0,0,0,0,0,0,0,0,1,8,0,0,0,0,0,0,0,2,2,0,0,0,0,0,0,0,0,0,0,0,0,2,0,0,2,0,10,0
pcf8563,0,0,0,0,0,0,0,0,3,4,73,9,97,4,0,0,0,0,0,1,4,0,0,14,4,11,4,11,0,0,0,0,0,0,0,5,12,0,0,379,90,60,60,16,5,50,1,0,13,1,1,1,1,8,0,0,11,68,0,3,49,43,69,62,1
pipeline,0,0,0,0,0,0,0,0,5,0,0,0,0,0,13,17,65,12,53,0,0,0,0,0,0,0,0,0,0,0,0,0,0,0,0,4,18,0,0,0,0,0,0,8,2,9,0,0,8,0,0,0,0,0,0,0,17,65,0,0,0,13,44,27,1
PLL_clk_gen,0,0,0,0,0,0,0,0,0,2,2,2,2,2,0,0,0,0,0,0,0,0,0,0,0,0,0,0,0,0,0,0,0,0,0,2,2,0,4,0,0,0,0,0,3,3,0,0,0,0,0,0,0,0,0,0,0,0,0,12,27,0,0,5,3
pmu,0,0,0,0,0,0,0,0,11,23,23,33,33,23,26,26,165,25,59,2,6,13,13,13,25,30,45,30,0,0,0,0,0,0,0,18,61,1,4,246,138,21,21,42,7,38,13,0,0,0,0,0,0,52,0,0,12,144,0,45,88,90,117,99,2
prep2,0,0,0,0,0,0,0,0,2,0,0,0,0,0,7,7,56,6,24,0,0,0,0,0,3,5,5,5,0,0,0,0,0,0,0,7,21,0,0,0,0,0,0,0,1,8,0,0,1,0,0,0,0,0,0,0,3,24,0,2,9,15,24,29,1
prep3,0,0,0,0,0,0,0,0,3,0,0,0,0,0,26,26,143,13,39,2,11,8,24,11,4,4,2,4,0,0,0,0,0,0,0,3,10,0,0,22,14,4,4,3,1,8,8,0,0,0,0,0,0,2,0,0,4,22,0,0,0,17,15,18,1
prep3,0,0,0,0,0,0,0,0,3,0,0,0,0,0,26,38,148,0,0,1,8,16,24,11,4,4,2,4,0,0,0,0,0,0,0,3,10,0,0,35,16,5,6,2,1,8,8,0,0,0,0,0,0,2,0,0,4,32,0,0,0,17,15,18,1
prep4,0,0,0,0,0,0,0,0,3,0,0,0,0,0,66,78,268,41,164,5,14,32,128,51,11,11,8,11,0,0,0,0,0,0,0,3,10,0,0,8,8,2,2,28,1,8,16,0,0,0,0,0,0,24,0,3,3,16,0,0,0,34,4,18,1
prep5,0,0,0,0,0,0,0,0,1,0,0,0,0,0,2,2,16,2,8,0,0,0,0,0,1,1,1,1,0,0,0,0,0,0,0,5,11,0,0,0,0,0,0,0,1,8,0,0,0,0,0,0,0,0,0,0,1,8,0,2,16,27,8,19,1
prep6,0,0,0,0,0,0,0,0,1,0,0,0,0,0,2,2,32,1,0,0,0,0,0,0,1,1,1,1,0,0,0,0,0,0,0,3,18,0,0,0,0,0,0,0,1,16,0,0,1,0,0,0,0,0,0,0,1,16,0,0,0,16,16,34,1
prep7,0,0,0,0,0,0,0,0,1,0,0,0,0,0,3,3,48,2,16,0,0,0,0,0,2,3,3,3,0,0,0,0,0,0,0,5,20,0,0,0,0,0,0,0,1,16,0,0,1,0,0,0,0,0,0,0,1,16,0,0,0,21,16,36,1
prep8,0,0,0,0,0,0,0,0,1,0,0,0,0,0,3,3,48,2,16,0,0,0,0,0,2,3,3,3,0,0,0,0,0,0,0,5,20,0,0,0,0,0,0,0,1,16,0,0,1,0,0,0,0,0,0,0,1,16,0,0,0,21,16,36,1
prep9,0,0,0,0,0,0,0,0,1,8,8,1,8,1,14,22,27,14,0,0,0,0,0,0,10,10,2,10,0,0,0,0,0,0,0,5,19,0,0,0,0,0,0,0,9,9,0,0,0,0,0,0,0,8,0,0,2,9,0,1,16,15,9,28,1
Project_Uart,0,0,0,0,0,0,0,0,0,0,0,0,0,0,0,0,0,0,0,0,0,0,0,0,0,0,0,0,0,0,0,0,0,0,0,3,3,0,5,0,0,0,0,0,2,2,0,0,0,0,0,0,0,0,0,0,0,0,0,5,12,0,0,0,0
px_had_sync,0,0,0,0,0,0,0,0,3,1,1,1,1,1,0,0,0,0,0,0,0,0,0,0,3,3,3,3,0,0,0,0,0,0,0,5,5,0,0,8,4,8,8,5,1,1,0,0,0,0,0,0,0,1,0,0,4,4,0,6,6,3,4,6,2
qadd,0,0,0,0,0,0,0,0,1,1,32,1,32,1,10,10,124,6,0,0,0,0,0,0,5,5,0,5,0,0,0,0,0,0,0,2,64,14,0,0,0,0,0,18,1,32,2,47,2,0,0,0,0,11,0,0,1,32,0,0,0,157,16,96,0
ram_rw,0,0,0,0,0,0,0,0,3,2,2,0,0,2,0,0,0,0,0,0,0,0,0,0,6,6,0,6,0,0,0,0,0,0,0,3,10,0,0,57,0,9,9,0,4,15,0,0,3,2,2,2,2,8,0,0,1,6,0,0,0,15,19,17,1
random_32,0,0,0,0,0,0,0,0,1,0,0,0,0,0,0,0,0,0,0,0,0,0,0,0,1,1,1,1,0,0,0,0,0,0,0,2,2,2,0,95,63,4,4,7,1,32,1,32,0,0,0,0,0,0,0,2,2,64,0,0,0,1,64,34,1
read_sync,0,0,0,0,0,0,0,0,1,0,0,0,0,0,0,0,0,0,0,0,0,0,0,0,2,2,2,2,0,0,0,0,0,0,0,4,12,0,0,54,18,6,6,6,1,9,1,8,0,0,0,0,0,0,0,0,1,9,0,0,0,10,18,21,1
reg8,0,0,0,0,0,0,0,0,1,0,0,0,0,0,0,0,0,0,0,0,0,0,0,0,1,1,1,1,0,0,0,0,0,0,0,3,10,0,0,16,8,2,2,2,1,8,0,0,0,0,0,0,0,0,0,0,1,8,0,0,0,0,8,18,1
reg8,0,0,0,0,0,0,0,0,1,0,0,0,0,0,2,2,16,2,8,0,0,0,0,0,1,1,1,1,0,0,0,0,0,0,0,3,10,0,0,0,0,0,0,0,1,8,0,0,0,0,0,0,0,0,0,0,1,8,0,0,0,0,8,18,1
registerInterface,0,0,0,0,0,0,0,0,2,0,0,0,0,0,0,0,0,0,0,2,16,0,0,13,0,1,0,1,0,0,0,0,0,0,0,8,50,0,0,104,96,13,13,12,5,40,0,0,0,0,0,0,0,1,0,0,5,40,0,0,0,22,40,90,1
regm,0,0,0,0,0,0,0,0,3,2,64,2,64,2,6,6,192,4,138,0,0,0,0,0,4,5,0,5,0,0,0,0,2,0,0,6,49,0,0,5,32,1,2,1,2,64,0,0,0,0,0,0,0,8,0,0,3,1088,0,0,0,121,48,113,1
regr,0,0,0,0,0,0,0,0,1,0,0,0,0,0,0,0,0,0,0,0,0,0,0,0,2,2,2,2,0,0,0,0,0,0,0,4,4,0,0,3,2,3,3,2,1,1,1,1,0,0,0,0,0,0,0,0,0,0,0,0,0,1,1,5,1
remote_rcv,0,0,0,0,0,0,0,0,6,2,2,2,2,2,16,16,87,15,15,2,10,10,10,12,20,29,16,29,0,0,0,0,0,0,0,3,3,0,0,189,47,49,49,12,3,10,5,0,3,0,0,0,0,28,0,0,13,59,0,2,2,73,64,13,2
resource2,0,0,0,0,0,0,0,0,1,0,0,0,0,0,5,5,21,4,16,0,0,0,0,0,1,1,1,1,0,0,0,0,0,0,0,5,17,0,0,0,0,0,0,0,1,5,1,4,1,0,0,0,0,0,0,0,3,13,0,0,0,9,0,22,0
RFSM,0,0,0,0,1,1,9,1,2,4,27,5,37,4,10,10,20,10,10,2,4,6,6,8,7,7,5,7,0,0,0,0,0,0,0,5,13,1,0,123,59,22,25,30,4,19,2,136,1,0,0,0,0,6,0,1,3,13,0,3,19,32,20,32,1
rom,0,0,0,0,0,0,0,0,0,1,8,0,0,1,0,0,0,0,0,0,0,0,0,0,0,0,0,0,0,0,0,1,0,0,0,1,4,0,0,0,0,0,0,0,1,8,0,0,0,0,0,0,0,0,0,0,0,0,0,0,0,4,0,12,0
row_buf,0,0,0,0,0,0,0,0,1,2,2,0,0,2,0,0,0,0,0,0,0,0,0,0,0,1,1,1,0,0,0,0,0,0,0,3,3,0,0,639,640,2,3,2,2,2,1,640,0,0,0,0,0,0,0,0,1,640,0,0,0,20,3,5,1
seg_led,0,0,0,0,0,0,0,0,6,6,24,0,0,6,0,0,0,0,0,2,7,0,0,20,21,21,11,21,0,0,0,0,0,0,0,6,30,2,0,468,124,83,83,63,2,14,0,0,3,0,0,0,0,10,0,0,8,51,0,6,24,578,65,44,2
seg_led_static,0,0,0,0,0,0,0,0,3,0,0,0,0,0,0,0,0,0,0,1,4,0,0,17,5,5,4,5,0,0,0,0,0,0,0,3,3,0,0,172,4,24,24,1,2,14,0,0,1,0,0,0,0,1,0,0,1,4,0,0,0,7,13,17,1
sell,0,0,0,0,0,0,0,0,1,0,0,0,0,0,21,21,43,21,11,1,3,5,5,5,5,11,11,11,0,0,0,0,0,0,0,4,4,0,0,0,0,0,0,0,3,3,5,10,0,0,0,0,0,0,0,0,4,6,0,0,0,7,5,7,1
serial1,0,0,0,0,0,0,0,0,1,0,0,0,0,0,2,2,2,2,2,0,0,0,0,0,0,0,0,0,0,0,0,0,0,0,0,1,1,0,0,0,0,0,0,0,2,2,0,0,0,0,0,0,0,0,0,0,2,2,0,0,0,1,2,3,1
serial2,0,0,0,0,0,0,0,0,1,0,0,0,0,0,2,2,2,2,2,0,0,0,0,0,0,0,0,0,0,0,0,0,0,0,0,1,1,0,0,0,0,0,0,0,2,2,0,0,0,0,0,0,0,0,0,0,2,2,0,0,0,1,1,3,1
serial_pal,0,0,0,0,0,0,0,0,1,0,0,0,0,0,0,0,0,0,0,0,0,0,0,0,1,2,2,2,0,0,0,0,0,0,0,4,4,0,0,8,5,2,2,2,1,4,0,0,0,0,0,0,0,0,0,0,1,4,0,0,0,0,4,8,1
shifter,0,0,0,0,1,1,8,1,1,0,0,0,0,0,0,0,0,0,0,0,0,0,0,0,1,1,1,1,0,0,0,0,0,0,0,3,3,0,0,16,1,3,4,1,1,8,0,0,0,0,0,0,0,0,0,0,1,8,0,0,0,0,8,11,1
signed_mult_const_asic,0,0,0,0,1,1,16,8,1,4,41,2,16,4,0,0,0,0,0,0,0,0,0,0,1,2,2,2,0,0,0,0,0,0,0,4,11,0,0,16,8,2,2,4,1,9,2,8,2,2,2,2,2,0,0,0,1,8,0,3,32,34,8,20,1
signed_mult_const_fpga,0,0,0,0,1,1,25,16,1,1,9,0,0,1,0,0,0,0,0,0,0,0,0,0,1,2,2,2,0,0,0,0,0,0,0,4,11,0,0,16,8,2,2,2,1,9,2,8,0,0,0,0,0,0,0,0,1,8,0,1,25,1,0,20,1
smpu_comp_hit,0,0,0,0,0,0,0,0,1,3,3,0,0,3,4,4,92,0,0,1,4,0,0,4,0,0,0,0,0,0,0,0,0,0,0,4,100,0,0,0,0,0,0,0,2,2,0,0,0,0,0,0,0,2,0,0,1,23,0,7,103,18,0,54,0
smpu_top,0,0,0,0,0,0,0,0,2,2,2,6,6,2,0,0,0,0,0,2,4,0,0,7,1,3,1,3,0,0,0,0,0,0,0,9,75,0,3,320,192,10,10,8,2,33,0,0,0,0,0,0,0,8,0,0,4,128,0,17,83,38,128,108,1
soc_fpga_ram,0,0,0,0,0,0,0,0,1,0,0,0,0,0,0,0,0,0,0,0,0,0,0,0,1,1,1,1,0,0,0,0,0,0,0,4,6,0,0,4,4,2,3,3,1,2,3,8,0,0,0,0,0,0,0,0,2,10,0,0,0,3,2,8,1
soc_gated_clk_cell,0,0,0,0,0,0,0,0,0,1,1,1,1,1,0,0,0,0,0,0,0,0,0,0,0,0,0,0,0,0,0,0,0,0,0,3,3,0,0,0,0,0,0,0,1,1,0,0,0,0,0,0,0,0,0,0,0,0,0,0,0,0,0,2,0
song,0,0,0,0,0,0,0,0,4,1,1,1,14,1,80,208,967,14,15,4,20,64,0,75,2,2,1,2,0,0,0,0,0,0,0,2,2,0,0,0,0,0,0,0,4,13,0,0,2,0,0,0,0,2,0,0,7,49,0,1,1,45,44,15,2
spi_master,0,0,0,0,0,0,0,0,5,5,12,8,23,5,1,1,3,1,3,2,4,2,2,10,11,19,8,19,0,0,0,0,0,0,8,10,12,2,0,236,67,55,55,30,6,6,4,16,2,3,3,3,3,14,0,2,17,68,1,0,0,48,62,26,3
sync,0,0,0,0,0,0,0,0,2,2,2,2,2,2,0,0,0,0,0,0,0,0,0,0,3,4,4,4,0,0,0,0,0,0,0,4,4,0,0,5,0,5,5,0,1,1,0,0,0,0,0,0,0,0,0,0,2,2,0,6,6,2,2,5,2
sy_d_ff,0,0,0,0,0,0,0,0,1,1,1,0,0,1,0,0,0,0,0,0,0,0,0,0,0,0,0,0,0,0,0,0,0,0,0,2,2,0,0,1,1,1,1,1,2,2,0,0,0,0,0,0,0,0,0,0,1,1,1,0,0,1,1,4,1
sy_rs_ff,0,0,0,0,0,0,0,0,1,1,1,0,0,1,0,0,0,0,0,2,2,0,0,4,0,0,0,0,0,0,0,0,0,0,0,3,3,0,0,4,0,4,4,3,2,2,0,0,0,0,0,0,0,0,0,0,1,1,1,0,0,1,1,4,1
sy_t_ff,0,0,0,0,0,0,0,0,1,1,1,0,0,1,0,0,0,0,0,0,0,0,0,0,1,1,1,1,0,0,0,0,0,0,0,3,3,0,0,2,1,2,2,2,2,2,0,0,0,0,0,0,0,0,0,0,1,1,1,0,0,1,1,4,1
table_ram,0,0,0,0,0,0,0,0,1,1,8,0,0,1,2,3,20,2,18,0,0,0,0,0,0,1,1,1,0,0,0,0,0,0,0,5,30,0,0,0,0,0,0,0,1,8,2,18,0,0,0,0,0,0,0,0,2,8202,0,0,0,0,0,38,1
table_reader,0,0,0,0,0,0,0,0,2,7,84,13,167,7,0,0,0,0,0,0,0,0,0,0,3,8,6,8,0,0,0,0,0,0,0,18,140,0,0,227,130,20,20,19,11,112,2,47,1,4,4,4,4,6,0,0,3,56,0,1,1,127,85,252,1
tap2_sm,0,0,0,0,0,0,0,0,7,10,10,7,7,10,16,16,64,16,16,1,4,9,9,10,19,19,14,19,0,0,0,0,0,0,0,4,4,3,0,88,23,22,22,27,1,1,9,0,0,0,0,0,0,13,0,0,8,29,0,14,14,2,1,4,1
time_count,0,0,0,0,0,0,0,0,1,0,0,0,0,0,0,0,0,0,0,0,0,0,0,0,2,2,1,2,0,0,0,0,0,0,0,2,2,1,0,78,0,6,6,0,1,1,1,25000000,1,0,0,0,0,1,0,0,1,25,0,0,0,32,26,3,1
touch_led,0,0,0,0,0,0,0,0,3,1,1,1,1,1,0,0,0,0,0,0,0,0,0,0,5,5,2,5,0,0,0,0,0,0,0,3,3,0,0,10,4,10,10,5,1,1,0,0,0,0,0,0,0,4,0,0,3,3,0,1,1,3,4,4,1
traffic,0,0,0,0,0,0,0,0,3,2,16,2,16,2,0,0,0,0,0,2,6,10,0,12,6,11,9,11,0,0,0,0,0,0,0,2,2,4,0,266,80,56,56,46,4,24,0,0,0,0,0,0,0,5,0,0,16,96,0,0,0,38,32,26,1
tri_2,0,0,0,0,0,0,0,0,0,1,1,1,1,1,0,0,0,0,0,0,0,0,0,0,0,0,0,0,0,0,0,0,0,0,0,2,2,0,0,0,0,0,0,0,1,1,0,0,0,1,1,1,1,0,0,0,0,0,0,0,0,1,0,3,0
uart_apb_reg,0,0,0,0,0,0,0,0,17,30,30,39,67,30,22,22,71,21,47,4,18,6,6,22,21,33,32,33,0,0,0,0,0,0,0,17,89,0,0,120,51,37,37,30,14,70,9,0,0,5,5,5,5,35,0,0,18,63,1,47,194,54,51,109,1
uart_baud_gen,0,0,0,0,0,0,0,0,3,5,5,6,2,5,5,5,5,2,2,2,3,0,0,5,6,6,6,6,0,0,0,0,0,0,0,4,19,0,0,92,20,8,8,4,2,2,0,0,2,2,2,2,2,1,0,0,3,21,2,9,24,35,20,21,1
Uart_Bps_Module,0,0,0,0,0,0,0,0,4,0,0,0,0,0,4,4,28,0,0,0,0,0,0,0,4,4,2,4,0,0,0,0,0,0,0,3,3,0,0,28,14,4,4,3,1,1,2,0,1,0,0,0,0,3,0,0,4,28,0,0,0,17,14,4,1
uart_ctrl,0,0,0,0,0,0,0,0,6,27,27,36,36,27,10,10,60,4,26,5,6,0,0,10,4,4,4,4,0,0,0,0,0,0,0,22,54,0,0,8,4,8,8,11,22,56,0,0,0,0,0,0,0,17,0,0,6,16,0,49,105,20,4,110,1
uart_receive,0,0,0,0,0,0,0,0,9,11,11,11,11,11,12,12,72,13,13,1,6,6,6,7,22,32,27,32,0,0,0,0,0,0,0,9,10,0,0,76,25,30,30,48,5,12,6,0,2,1,1,1,1,27,2,2,11,33,1,20,28,33,27,22,1
uart_recv,0,0,0,0,0,0,0,0,5,1,1,1,1,1,0,0,0,0,0,1,4,0,0,9,12,12,8,12,0,0,0,0,0,0,0,3,3,1,0,139,31,33,41,15,2,9,2,50009600,2,0,0,0,0,7,0,0,6,31,0,1,1,42,37,12,1
Uart_Rx_Module,0,0,0,0,0,0,0,0,10,2,3,3,1,2,10,10,47,7,37,0,0,0,0,0,12,12,9,12,0,0,0,0,0,0,0,4,4,0,0,48,24,12,12,6,2,9,0,0,1,1,1,1,1,3,0,0,10,45,0,2,3,7,24,13,1
uart_send,0,0,0,0,0,0,0,0,4,1,1,1,1,1,0,0,0,0,0,1,4,0,0,11,9,9,7,9,0,0,0,0,0,0,0,4,11,1,0,132,23,32,32,23,1,1,2,50009600,2,0,0,0,0,5,0,0,6,31,0,1,1,36,29,12,1
uart_trans,0,0,0,0,0,0,0,0,7,8,8,6,6,8,15,15,55,14,12,1,5,5,5,6,14,25,25,25,0,0,0,0,0,0,0,9,17,0,0,52,21,17,17,15,4,4,5,0,1,1,1,1,1,7,0,2,8,25,3,17,25,23,19,21,1
Uart_Tx_Module,0,0,0,0,0,0,0,0,10,2,3,3,1,2,20,20,43,21,22,1,4,0,0,11,12,12,10,12,0,0,0,0,0,0,0,5,12,0,0,34,17,12,12,6,2,2,0,0,1,1,1,1,1,2,0,0,10,31,0,2,3,10,17,14,1
updown_count,0,0,0,0,0,0,0,0,1,1,8,1,8,1,4,4,32,1,8,0,0,0,0,0,3,3,3,3,0,0,0,0,0,0,0,5,12,1,0,0,0,0,0,0,1,8,0,0,1,0,0,0,0,0,0,0,1,8,0,0,0,11,8,20,1
up_down_counter,0,0,0,0,0,0,0,0,1,1,4,1,4,1,0,0,0,0,0,0,0,0,0,0,8,9,0,9,0,0,0,0,0,0,0,4,4,1,0,36,8,9,9,2,1,4,0,0,1,0,0,0,0,16,0,0,1,4,0,0,0,2,4,8,1
vga_display,0,0,0,0,0,0,0,0,1,0,0,0,0,0,0,0,0,0,0,0,0,0,0,0,5,5,1,5,0,0,0,0,0,0,0,4,22,0,0,96,5,6,6,5,1,16,2,0,0,0,0,0,0,12,0,0,0,0,0,0,0,4,3,28,1
vga_driver,0,0,0,0,0,0,0,0,2,7,40,7,40,7,0,0,0,0,0,0,0,0,0,0,4,5,2,5,0,0,0,0,0,0,0,3,18,7,0,60,0,6,6,0,5,38,10,0,4,7,7,7,7,3,0,0,2,20,0,2,2,60,20,56,1
voter7,0,0,0,0,0,0,0,0,1,0,0,0,0,0,3,3,5,3,0,0,0,0,0,0,1,1,2,1,1,6,0,0,0,0,0,1,7,0,0,0,0,0,0,0,1,1,0,0,0,0,0,0,0,0,0,0,3,5,0,0,0,2,0,8,0
WFSM,0,0,0,0,1,1,9,1,2,4,27,5,21,4,11,11,22,11,11,2,4,6,6,8,8,8,5,8,0,0,0,0,0,0,0,5,13,3,0,105,41,21,23,31,4,19,2,136,1,0,0,0,0,9,0,1,3,13,0,3,19,38,21,31,1
wic,0,0,0,0,0,0,0,0,3,2,2,3,3,2,0,0,0,0,0,0,0,0,0,0,6,8,6,8,0,0,0,0,0,0,0,9,9,0,0,9,3,9,9,5,2,2,0,0,0,0,0,0,0,5,0,0,3,3,0,11,11,3,3,11,1
window,0,0,0,0,0,0,0,0,1,0,0,0,0,0,0,0,0,0,0,0,0,0,0,0,0,1,1,1,0,0,0,0,0,0,0,4,4,0,0,4,4,4,4,4,4,4,0,0,0,0,0,0,0,0,0,0,0,0,0,0,0,0,4,8,1
write_sync,0,0,0,0,0,0,0,0,1,0,0,0,0,0,0,0,0,0,0,0,0,0,0,0,2,2,2,2,0,0,0,0,0,0,0,4,12,0,0,54,18,6,6,6,1,9,1,8,0,0,0,0,0,0,0,0,1,9,0,0,0,10,18,21,1
